---- Populate The database 

--- Table manufacturer
INSERT INTO manufacturer VALUES
    ('M1','India','+91-20-26993999','V01'),
	('M2','Germany','+49-0-349019999','V01'),
	('M3','England','+617-714-6599','V02'),
	('M4','Germany','+49-6131-9084-99','V03'),
	('M5','Belgium','+49-6131-9084-99','V03');
	
--- Table vaccine_batch
INSERT INTO vaccine_batch VALUES
	('B01',10,'V01','M1', '2021-01-24' , '2021-07-24' ,'Sanomala Vaccination Point'),
	('B02',10,'V01','M1','2021-01-24','2021-07-24','Messukeskus'),
	('B03',20,'V01','M1','2021-03-01','2021-09-01','Myyrmäki Energia Areena'),
	('B04',20,'V01','M1','2021-03-01','2021-09-01','Malmi'),
	('B05',20,'V01','M1','2021-01-24','2021-07-24','Messukeskus'),
	('B06',10,'V01','M2','2021-01-24','2021-07-24','Iso Omena Vaccination Point'),
	('B07',10,'V01','M2','2021-03-01','2021-09-01','Myyrmäki Energia Areena'),
	('B08',10,'V01','M2','2021-03-01','2021-09-01','Tapiola Health Center'),
	('B09',15,'V02','M3','2021-01-24','2021-07-24','Messukeskus'),
	('B10',15,'V02','M3','2021-01-24','2021-07-24','Messukeskus'),
	('B11',15,'V02','M3','2021-01-24','2021-07-24','Tapiola Health Center'),
	('B12',15,'V02','M3','2021-01-24','2021-07-24','Sanomala Vaccination Point'),
	('B13',15,'V02','M3','2021-01-24','2021-07-24','Iso Omena Vaccination Point'),
	('B14',15,'V02','M3','2021-03-01','2021-09-01','Messukeskus'),
	('B15',15,'V02','M3','2021-03-01','2021-09-01','Malmi'),
	('B16',15,'V02','M3','2021-03-01','2021-09-01','Tapiola Health Center'),
	('B17',15,'V02','M3','2021-03-01','2021-09-01','Myyrmäki Energia Areena'),
	('B18',15,'V02','M3','2021-04-04','2021-10-04','Tapiola Health Center'),
	('B19',15,'V02','M3','2021-04-04','2021-10-04','Messukeskus'),
	('B20',15,'V02','M3','2021-04-04','2021-10-04','Messukeskus'),
	('B21',15,'V02','M3','2021-04-04','2021-10-04','Iso Omena Vaccination Point'),
	('B22',15,'V02','M3','2021-04-04','2021-10-04','Myyrmäki Energia Areena'),
	('B23',15,'V02','M3','2021-04-04','2021-10-04','Sanomala Vaccination Point'),
	('B24',15,'V02','M3','2021-04-04','2021-10-04','Malmi'),
	('B25',15,'V03','M4','2021-01-24','2021-07-24','Malmi'),
	('B26',15,'V03','M4','2021-01-24','2021-07-24','Messukeskus'),
	('B27',15,'V03','M5','2021-01-24','2021-07-24','Myyrmäki Energia Areena'),
	('B28',15,'V03','M5','2021-01-24','2021-07-24','Iso Omena Vaccination Point'),
	('B29',10,'V03','M5','2021-03-01','2021-09-01','Myyrmäki Energia Areena'),
	('B30',10,'V03','M5','2021-04-04','2021-10-04','Iso Omena Vaccination Point');
	
	
--- The table vaccination_station
INSERT INTO vaccination_station VALUES
	('Messukeskus','Ratapihantie 17 00520 HELSINKI','093-101-0024'),
	('Malmi','Vanha Helsingintie 5 00700 HELSINKI','093-105-7702'),
	('Tapiola Health Center','Ahertajantie 2 02100 ESPOO','098-162-7770'),
	('Iso Omena Vaccination Point','Suomelahdentie 1 02230 ESPOO','098-163-4500'),
	('Sanomala Vaccination Point','Sanomatie 1 01770 VANTAA','093-105-3153'),
	('Myyrm„ki Energia Areena','Rajatorpantie 23 01600 VANTAA','093-104-5930');


INSERT INTO transportation_log VALUES 
	('L01','B01','Malmi','Messukeskus','2021-02-24','2021-02-24'),
	('L02','B01','Tapiola Health Center','Malmi','2021-03-01','2021-03-01'),
	('L03','B01','Sanomala Vaccination Point','Tapiola Health Center','2021-04-30','2021-04-30'),
	('L04','B02','Sanomala Vaccination Point','Messukeskus','2021-04-24','2021-04-24'),
	('L05','B03','Malmi','Messukeskus','2021-03-10','2021-03-10'),
	('L06','B03','Iso Omena Vaccination Point','Malmi','2021-03-15','2021-03-15'),
	('L07','B03','Sanomala Vaccination Point','Iso Omena Vaccination Point','2021-04-15','2021-04-15'),
	('L08','B03','Myyrmäki Energia Areena','Sanomala Vaccination Point','2021-05-01','2021-05-01'),
	('L09','B04','Malmi','Messukeskus','2021-03-20','2021-03-20'),
	('L10','B06','Tapiola Health Center','Messukeskus','2021-01-30','2021-01-30'),
	('L11','B06','Iso Omena Vaccination Point','Tapiola Health Center','2021-02-02','2021-02-02'),
	('L12','B06','Myyrmäki Energia Areena','Iso Omena Vaccination Point','2021-02-05','2021-02-05'),
	('L13','B07','Malmi','Messukeskus','2021-04-10','2021-04-10'),
	('L14','B07','Myyrmäki Energia Areena','Malmi','2021-04-15','2021-04-15'),
	('L15','B08','Tapiola Health Center','Messukeskus','2021-03-14','2021-03-14'),
	('L16','B12','Sanomala Vaccination Point','Messukeskus','2021-02-24','2021-02-24'),
	('L17','B12','Iso Omena Vaccination Point','Sanomala Vaccination Point','2021-03-25','2021-03-25'),
	('L18','B12','Sanomala Vaccination Point','Iso Omena Vaccination Point','2021-03-30','2021-03-30'),
	('L19','B13','Malmi','Messukeskus','2021-02-21','2021-02-21'),
	('L20','B13','Myyrmäki Energia Areena','Malmi','2021-02-28','2021-02-28'),
	('L21','B13','Sanomala Vaccination Point','Myyrmäki Energia Areena','2021-03-05','2021-03-05'),
	('L22','B13','Iso Omena Vaccination Point','Sanomala Vaccination Point','2021-03-07','2021-03-07'),
	('L23','B15','Malmi','Messukeskus','2021-04-01','2021-04-01'),
	('L24','B16','Tapiola Health Center','Messukeskus','2021-04-10','2021-04-10'),
	('L25','B17','Tapiola Health Center','Messukeskus','2021-04-01','2021-04-01'),
	('L26','B17','Sanomala Vaccination Point','Tapiola Health Center','2021-04-27','2021-04-27'),
	('L27','B17','Myyrmäki Energia Areena','Sanomala Vaccination Point','2021-05-04','2021-05-04'),
	('L28','B18','Tapiola Health Center','Messukeskus','2021-04-08','2021-04-08'),
	('L29','B21','Malmi','Messukeskus','2021-04-19','2021-04-19'),
	('L30','B21','Myyrmäki Energia Areena','Malmi','2021-04-25','2021-04-25'),
	('L31','B21','Iso Omena Vaccination Point','Myyrmäki Energia Areena','2021-04-28','2021-04-28'),
	('L32','B22','Malmi','Messukeskus','2021-04-09','2021-04-09'),
	('L33','B22','Sanomala Vaccination Point','Malmi','2021-04-20','2021-04-20'),
	('L34','B22','Myyrmäki Energia Areena','Sanomala Vaccination Point','2021-04-25','2021-04-25'),
	('L35','B23','Sanomala Vaccination Point','Messukeskus','2021-04-15','2021-04-15'),
	('L36','B24','Iso Omena Vaccination Point','Messukeskus','2021-05-01','2021-05-01'),
	('L37','B24','Malmi','Iso Omena Vaccination Point','2021-05-05','2021-05-05'),
	('L38','B25','Malmi','Messukeskus','2021-01-28','2021-01-28'),
	('L39','B27','Malmi','Messukeskus','2021-01-28','2021-01-28'),
	('L40','B27','Tapiola Health Center','Malmi','2021-01-31','2021-01-31'),
	('L41','B27','Myyrmäki Energia Areena','Tapiola Health Center','2021-02-06','2021-02-06'),
	('L42','B28','Sanomala Vaccination Point','Messukeskus','2021-02-24','2021-02-24'),
	('L43','B28','Iso Omena Vaccination Point','Sanomala Vaccination Point','2021-02-28','2021-02-28'),
	('L44','B29','Iso Omena Vaccination Point','Messukeskus','2021-03-10','2021-03-10'),
	('L45','B29','Myyrmäki Energia Areena','Iso Omena Vaccination Point','2021-04-12','2021-04-12'),
	('L46','B29','Sanomala Vaccination Point','Myyrmäki Energia Areena','2021-04-20','2021-04-20'),
	('L47','B30','Malmi','Messukeskus','2021-04-30','2021-04-30'),
	('L48','B30','Myyrmäki Energia Areena','Malmi','2021-05-04','2021-05-04'),
	('L49','B30','Sanomala Vaccination Point','Myyrmäki Energia Areena','2021-05-07','2021-05-07'),
	('L50','B30','Iso Omena Vaccination Point','Sanomala Vaccination Point','2021-05-09','2021-05-09');
	
	
INSERT INTO staff_member VALUES
	('19710226-109L','Cristopher Tillman','1971-02-26','040-115-0704','nurse','1','Messukeskus'),
	('19720212-5327','Brielle Botsford','1972-02-12','040-416-5419','nurse','1','Messukeskus'),
	('19740308-7818','Elwyn Heathcote','1974-03-08','040-077-0520','nurse','1','Messukeskus'),
	('19740516-4369','Jeramy Feest','1974-05-16','041-284-2831','nurse','1','Messukeskus'),
	('19740731-5488','Rosalia Simonis','1974-07-31','041-608-6703','doctor','1','Messukeskus'),
	('19750726-4531','Shaylee Kris','1975-07-26','040-018-1740','doctor','1','Messukeskus'),
	('19751212-3265','Hilbert Purdy','1975-12-12','040-154-3703','doctor','1','Messukeskus'),
	('19760102-8374','Elnora Greenholt','1976-01-02','050-930-9351','doctor','1','Messukeskus'),
	('19760420-5220','Darryl Douglas','1976-04-20','040-363-8047','doctor','0','Messukeskus'),
	('19761205-4219','Richmond Kuvalis','1976-12-05','040-722-7332','nurse','1','Malmi'),
	('19781030-815P','Candido Anderson','1978-10-30','040-800-8852','nurse','1','Malmi'),
	('19790212-2618','Aimee Bruen','1979-02-12','050-867-1567','nurse','1','Malmi'),
	('19790817-5492','Keshawn DuBuque','1979-08-17','050-830-6384','nurse','1','Malmi'),
	('19810923-245N','Ollie Becker','1981-09-23','040-321-9861','nurse','1','Malmi'),
	('19860607-9671','Mario Wuckert','1986-06-07','040-739-4876','doctor','1','Malmi'),
	('19871016-6825','Austen Simonis','1987-10-16','050-688-1407','doctor','1','Malmi'),
	('19771112-4048','Greg Schuppe','1977-11-12','044-508-7140','nurse','1','Tapiola Health Center'),
	('19910122-1693','Ashley Konopelski','1991-01-22','041-898-5555','nurse','1','Tapiola Health Center'),
	('19920802-4854','Kaden Tromp','1992-08-02','044-624-1591','nurse','1','Tapiola Health Center'),
	('19900103-6172','Philip Smitham','1990-01-03','044-086-4206','nurse','1','Tapiola Health Center'),
	('19930315-7195','Jeromy McKenzie','1993-03-15','040-135-4985','nurse','1','Tapiola Health Center'),
	('19740919-7140','Deon Hoppe','1974-09-19','040-399-1121','nurse','0','Tapiola Health Center'),
	('19940615-4448','Jordy Hilpert','1994-06-15','044-506-1982','doctor','1','Tapiola Health Center'),
	('19920720-966R','Florine Leannon','1992-07-20','044-525-4083','doctor','1','Tapiola Health Center'),
	('19831020-4745','Madisyn Shanahan','1983-10-20','044-646-8740','doctor','1','Tapiola Health Center'),
	('19930608-7263','Autumn Abshire','1993-06-08','050-116-0560','nurse','1','Iso Omena Vaccination Point'),
	('19701208-3270','Blanca Gaylord','1970-12-08','050-833-6807','nurse','1','Iso Omena Vaccination Point'),
	('19820721-424H','Hiram Nicolas','1982-07-21','050-904-1622','nurse','1','Iso Omena Vaccination Point'),
	('19731007-1310','Itzel Ernser','1973-10-07','050-354-1907','nurse','1','Iso Omena Vaccination Point'),
	('19920211-1565','Rafaela Jerde','1992-02-11','040-860-5999','nurse','1','Iso Omena Vaccination Point'),
	('19571227-3064','Norwood Murphy','1957-12-27','044-488-4064','nurse','0','Iso Omena Vaccination Point'),
	('19680115-6662','Ned Bergnaum','1968-01-15','040-262-4581','nurse','1','Iso Omena Vaccination Point'),
	('19731009-8366','Rosie Hansen','1973-10-09','050-670-4220','doctor','1','Iso Omena Vaccination Point'),
	('19900513-9211','Monte Raynor','1990-05-13','040-114-9158','doctor','1','Iso Omena Vaccination Point'),
	('19800310-4996','Vesta Considine','1980-03-10','044-022-9671','nurse','1','Sanomala Vaccination Point'),
	('19630812-6581','Jazlyn Schneider','1963-08-12','040-868-2528','nurse','1','Sanomala Vaccination Point'),
	('19771003-5988','Samir Hills','1977-10-03','040-093-0059','nurse','1','Sanomala Vaccination Point'),
	('19660601-1051','Kelvin Hamill','1966-06-01','040-499-1574','doctor','1','Sanomala Vaccination Point'),
	('19880817-8027','Haylie Wintheiser','1988-08-17','050-448-8894','nurse','1','Myyrm ki Energia Areena'),
	('19820218-5928','Elena Bartell','1982-02-18','041-938-9451','nurse','1','Myyrm ki Energia Areena'),
	('19720223-1761','Alfreda Champlin','1972-02-23','041-631-1851','nurse','1','Myyrm ki Energia Areena'),
	('19700204-9152','Rod Upton','1970-02-04','050-590-9802','doctor','1','Myyrm ki Energia Areena'),
	('19610330-6066','Nadia Jacobson','1961-03-30','041-144-8822','doctor','1','Myyrm ki Energia Areena');
	
	
INSERT INTO working_shift VALUES
	('Messukeskus','Monday','19710226-109L'),
	('Messukeskus','Monday','19720212-5327'),
	('Messukeskus','Monday','19740516-4369'),
	('Messukeskus','Monday','19750726-4531'),
	('Messukeskus','Monday','19760102-8374'),
	('Messukeskus','Tuesday','19710226-109L'),
	('Messukeskus','Tuesday','19740308-7818'),
	('Messukeskus','Tuesday','19740731-5488'),
	('Messukeskus','Wednesday','19710226-109L'),
	('Messukeskus','Wednesday','19720212-5327'),
	('Messukeskus','Wednesday','19740308-7818'),
	('Messukeskus','Wednesday','19740731-5488'),
	('Messukeskus','Wednesday','19750726-4531'),
	('Messukeskus','Wednesday','19751212-3265'),
	('Messukeskus','Wednesday','19760102-8374'),
	('Messukeskus','Thursday','19720212-5327'),
	('Messukeskus','Thursday','19740516-4369'),
	('Messukeskus','Thursday','19740731-5488'),
	('Messukeskus','Thursday','19750726-4531'),
	('Messukeskus','Thursday','19760102-8374'),
	('Messukeskus','Thursday','19760420-5220'),
	('Messukeskus','Friday','19720212-5327'),
	('Messukeskus','Friday','19740516-4369'),
	('Messukeskus','Friday','19740731-5488'),
	('Messukeskus','Friday','19750726-4531'),
	('Messukeskus','Friday','19760102-8374'),
	('Messukeskus','Friday','19760420-5220'),
	('Malmi','Monday','19781030-815P'),
	('Malmi','Monday','19790817-5492'),
	('Malmi','Monday','19810923-245N'),
	('Malmi','Monday','19860607-9671'),
	('Malmi','Tuesday','19761205-4219'),
	('Malmi','Tuesday','19781030-815P'),
	('Malmi','Tuesday','19790212-2618'),
	('Malmi','Wednesday','19790212-2618'),
	('Malmi','Wednesday','19790817-5492'),
	('Malmi','Wednesday','19810923-245N'),
	('Malmi','Thursday','19761205-4219'),
	('Malmi','Thursday','19781030-815P'),
	('Malmi','Thursday','19810923-245N'),
	('Malmi','Friday','19790212-2618'),
	('Malmi','Friday','19860607-9671'),
	('Malmi','Friday','19871016-6825'),
	('Tapiola Health Center','Monday','19920802-4854'),
	('Tapiola Health Center','Monday','19740919-7140'),
	('Tapiola Health Center','Monday','19940615-4448'),
	('Tapiola Health Center','Tuesday','19910122-1693'),
	('Tapiola Health Center','Tuesday','19930315-7195'),
	('Tapiola Health Center','Tuesday','19740919-7140'),
	('Tapiola Health Center','Tuesday','19940615-4448'),
	('Tapiola Health Center','Tuesday','19831020-4745'),
	('Tapiola Health Center','Wednesday','19740919-7140'),
	('Tapiola Health Center','Wednesday','19940615-4448'),
	('Tapiola Health Center','Wednesday','19831020-4745'),
	('Tapiola Health Center','Thursday','19771112-4048'),
	('Tapiola Health Center','Thursday','19910122-1693'),
	('Tapiola Health Center','Thursday','19920802-4854'),
	('Tapiola Health Center','Thursday','19930315-7195'),
	('Tapiola Health Center','Thursday','19740919-7140'),
	('Tapiola Health Center','Thursday','19940615-4448'),
	('Tapiola Health Center','Thursday','19831020-4745'),
	('Tapiola Health Center','Friday','19740919-7140'),
	('Tapiola Health Center','Friday','19940615-4448'),
	('Iso Omena Vaccination Point','Monday','19930608-7263'),
	('Iso Omena Vaccination Point','Monday','19820721-424H'),
	('Iso Omena Vaccination Point','Monday','19571227-3064'),
	('Iso Omena Vaccination Point','Monday','19731009-8366'),
	('Iso Omena Vaccination Point','Tuesday','19701208-3270'),
	('Iso Omena Vaccination Point','Tuesday','19731007-1310'),
	('Iso Omena Vaccination Point','Tuesday','19920211-1565'),
	('Iso Omena Vaccination Point','Tuesday','19680115-6662'),
	('Iso Omena Vaccination Point','Tuesday','19731009-8366'),
	('Iso Omena Vaccination Point','Tuesday','19900513-9211'),
	('Iso Omena Vaccination Point','Wednesday','19701208-3270'),
	('Iso Omena Vaccination Point','Wednesday','19920211-1565'),
	('Iso Omena Vaccination Point','Wednesday','19571227-3064'),
	('Iso Omena Vaccination Point','Wednesday','19731009-8366'),
	('Iso Omena Vaccination Point','Thursday','19930608-7263'),
	('Iso Omena Vaccination Point','Thursday','19820721-424H'),
	('Iso Omena Vaccination Point','Thursday','19731007-1310'),
	('Iso Omena Vaccination Point','Thursday','19920211-1565'),
	('Iso Omena Vaccination Point','Thursday','19571227-3064'),
	('Iso Omena Vaccination Point','Thursday','19731009-8366'),
	('Iso Omena Vaccination Point','Friday','19820721-424H'),
	('Iso Omena Vaccination Point','Friday','19731007-1310'),
	('Iso Omena Vaccination Point','Friday','19680115-6662'),
	('Iso Omena Vaccination Point','Friday','19731009-8366'),
	('Sanomala Vaccination Point','Monday','19630812-6581'),
	('Sanomala Vaccination Point','Monday','19771003-5988'),
	('Sanomala Vaccination Point','Tuesday','19771003-5988'),
	('Sanomala Vaccination Point','Wednesday','19800310-4996'),
	('Sanomala Vaccination Point','Wednesday','19771003-5988'),
	('Sanomala Vaccination Point','Wednesday','19660601-1051'),
	('Sanomala Vaccination Point','Thursday','19800310-4996'),
	('Sanomala Vaccination Point','Thursday','19660601-1051'),
	('Sanomala Vaccination Point','Friday','19630812-6581'),
	('Sanomala Vaccination Point','Friday','19660601-1051'),
	('Myyrm ki Energia Areena','Monday','19880817-8027'),
	('Myyrm ki Energia Areena','Monday','19820218-5928'),
	('Myyrm ki Energia Areena','Monday','19720223-1761'),
	('Myyrm ki Energia Areena','Tuesday','19880817-8027'),
	('Myyrm ki Energia Areena','Tuesday','19820218-5928'),
	('Myyrm ki Energia Areena','Tuesday','19720223-1761'),
	('Myyrm ki Energia Areena','Wednesday','19880817-8027'),
	('Myyrm ki Energia Areena','Wednesday','19700204-9152'),
	('Myyrm ki Energia Areena','Thursday','19880817-8027'),
	('Myyrm ki Energia Areena','Thursday','19700204-9152'),
	('Myyrm ki Energia Areena','Thursday','19610330-6066'),
	('Myyrm ki Energia Areena','Friday','19880817-8027'),
	('Myyrm ki Energia Areena','Friday','19700204-9152');

INSERT INTO patient VALUES
	('841229-112N','Rodolfo O''Reilly','1984-12-29','M'),
	('780214-1893','Prof. Erling Morar MD','1984-12-30','F'),
	('950303-191X','Dr. Simeon Keeling II','1984-12-31','M'),
	('730218-253D','Dereck Beer','1985-01-01','M'),
	('971214-2818','Prof. Brice Metz PhD','1985-01-02','M'),
	('060325-323X','Darlene Brakus','1985-01-03','F'),
	('021201-3734','Prof. Raymond Beahan','1985-01-04','M'),
	('990614-395X','Josefa Greenfelder DVM','1985-01-05','M'),
	('050218-4796','Ms. Hassie Runolfsson PhD','1985-01-06','F'),
	('000127-4899','Ms. Opal Lang','1985-01-07','F'),
	('721030-5216','Noah Leuschke','1985-01-08','M'),
	('890104-753F','Lukas Runolfsdottir V','1985-01-09','M'),
	('720801-8748','Braeden Hackett','1985-01-10','M'),
	('021001-957O','John Larkin','1985-01-11','M'),
	('790608-9686','Gisselle Hilpert','1985-01-12','F'),
	('840805-1135','Lonzo Collier','1985-01-13','M'),
	('741104-114G','Marvin Fahey','1985-01-14','M'),
	('731122-126T','Johanna McClure','1985-01-15','F'),
	('060927-1438','Zetta Runolfsson','1985-01-16','F'),
	('801022-152O','Dane Barrows I','1985-01-17','F'),
	('850315-155F','Andreanne Jakubowski','1985-01-18','M'),
	('150601-1657','Mrs. Ophelia Corwin Sr.','1985-01-19','F'),
	('090202-1778','Alvera Medhurst','1985-01-20','F'),
	('801127-1830','Ms. Ivy Nolan','1985-01-21','F'),
	('930106-189U','Julius Marks','1985-01-22','M'),
	('950803-1903','Lyric Funk','1985-01-23','M'),
	('701117-199K','Leland Moen','1985-01-24','M'),
	('140307-203V','Rhea Hettinger','1985-01-25','M'),
	('031127-2165','Mathew Buckridge','1985-01-26','M'),
	('970801-218B','Jonathan Wyman','1985-01-27','M'),
	('000425-224A','Christian McGlynn','1985-01-28','M'),
	('130701-235N','Arnold Medhurst','1985-01-29','M'),
	('880706-240U','Prof. Willard Marquardt II','1985-01-30','M'),
	('871118-242U','Dr. Victor Armstrong','1985-01-31','M'),
	('701202-2506','Godfrey Haley Sr.','1985-02-01','M'),
	('110929-252V','Lilly Farrell V','1985-02-02','F'),
	('150416-255C','Jacklyn Padberg','1985-02-03','F'),
	('041030-267L','Isabell Nader','1985-02-04','F'),
	('720214-2797','Abbey Schuppe','1985-02-05','F'),
	('070117-2839','Estrella Johns','1985-02-06','F'),
	('751211-287B','Taylor Krajcik','1985-02-07','F'),
	('060729-292C','Marilou Ryan','1985-02-08','F'),
	('090707-295R','Alysson Jakubowski','1985-02-09','F'),
	('901010-3010','Emerald Johnson','1985-02-10','F'),
	('060421-302M','Faustino Barton','1985-02-11','M'),
	('801108-303B','Reva Waelchi','1985-02-12','F'),
	('710327-313B','Prof. Ewell Conn','1985-02-13','M'),
	('070101-326Q','Orpha Bogisich','1985-02-14','F'),
	('050922-330C','Mrs. Bulah Grant','1985-02-15','F'),
	('080514-3385','Dakota Greenfelder','1985-02-16','F'),
	('860811-3456','Syble Howe','1985-02-17','F'),
	('090502-3556','Mr. Dereck Brekke IV','1985-02-18','M'),
	('880810-358W','Braxton Hane','1985-02-19','M'),
	('130725-3724','Shemar Bradtke','1985-02-20','F'),
	('850212-376B','Mr. Ellis Jaskolski I','1985-02-21','M'),
	('720621-378H','Ms. Alisha Ortiz','1985-02-22','F'),
	('790503-394M','Kathlyn Moore','1985-02-23','F'),
	('930508-413K','Mr. Reid Little II','1985-02-24','M'),
	('960629-4156','Rossie Spinka','1985-02-25','F'),
	('190604-440B','Prof. Kevon Cummings','1985-02-26','M'),
	('090416-443L','Aliyah Harber','1985-02-27','M'),
	('120203-4446','Mr. Oren Block IV','1985-02-28','M'),
	('141231-4486','Kristina Pagac','1985-03-01','F'),
	('130205-474D','Elenora Sawayn','1985-03-02','F'),
	('951217-488K','Casey Brown','1985-03-03','M'),
	('930804-509I','Fay Ryan','1985-03-04','F'),
	('871128-519R','Flossie Torp','1985-03-05','F'),
	('990622-5231','Sid Hahn','1985-03-06','M'),
	('010327-525G','Dr. Mireille Hansen','1985-03-07','M'),
	('701127-5340','Mrs. Lorena Kreiger','1985-03-08','F'),
	('181012-5367','Bulah Heidenreich','1985-03-09','M'),
	('710724-5480','Dashawn Schamberger','1985-03-10','M'),
	('811005-5518','Miss Charity Powlowski','1985-03-11','F'),
	('011112-5614','Magnus Gerhold','1985-03-12','M'),
	('090226-5673','Dr. Lamont Ferry','1985-03-13','M'),
	('830820-576C','Loyal Hoeger','1985-03-14','M'),
	('120318-5791','Mathilde Smith','1985-03-15','F'),
	('010201-5814','Harrison Heaney','1985-03-16','M'),
	('041208-5838','Dr. Margarette Mertz IV','1985-03-17','F'),
	('160930-586P','Aiden Volkman','1985-03-18','F'),
	('160902-592P','Britney Gutmann','1985-03-19','F'),
	('011103-6045','Mrs. Kailyn Collier DVM','1985-03-20','F'),
	('710422-6080','Mr. Ike Wyman III','1985-03-21','M'),
	('881119-6103','Destiny Konopelski PhD','1985-03-22','F'),
	('890607-6113','Prof. Raphael Prosacco DVM','1985-03-23','M'),
	('960807-613R','Omer Denesik','1985-03-24','M'),
	('821213-6162','Tabitha Howe','1985-03-25','M'),
	('820126-623A','Miss Rosalyn Reichel MD','1985-03-26','F'),
	('000325-6271','Mariam Ritchie','1985-03-27','F'),
	('041122-6308','Prof. Demarco Hahn','1985-03-28','M'),
	('190615-6325','Ms. Nelda Brekke PhD','1985-03-29','F'),
	('180604-6419','Dr. Freddie Cartwright','1985-03-30','M'),
	('000506-642P','Cassandra Mayert','1985-03-31','F'),
	('021130-649D','Dr. Jayson Glover DVM','1985-04-01','M'),
	('990903-6514','Eldred Blanda','1985-04-02','F'),
	('881006-6543','Trycia Jaskolski','1985-04-03','F'),
	('780807-657T','Prof. Jorge Ward Jr.','1985-04-04','M'),
	('720414-668E','Paige Conn','1985-04-05','F'),
	('060406-686D','Dovie West','1985-04-06','F'),
	('110420-6983','Nellie Nitzsche','1985-04-07','F'),
	('820428-701R','Dallas Collins','1985-04-08','M'),
	('930804-7021','Prof. Harrison Toy','1985-04-09','M'),
	('761223-707W','Jacinto Prohaska','1985-04-10','M'),
	('760708-708H','Maia Towne II','1985-04-11','M'),
	('730927-7319','Mr. Gunner O''Hara MD','1985-04-12','M'),
	('851228-732X','Shanna Osinski','1985-04-13','F'),
	('210318-737O','Corine Hane','1985-04-14','F'),
	('140620-7388','Tina Kshlerin','1985-04-15','F'),
	('040208-7391','Prof. Sadye Walter','1985-04-16','F'),
	('780613-7560','Silas Fay','1985-04-17','F'),
	('840301-7572','Maxine Russel','1985-04-18','M'),
	('101229-7602','Amelie Cummings','1985-04-19','F'),
	('790121-7800','Otilia Stamm','1985-04-20','M'),
	('850310-787I','Cristal Borer','1985-04-21','M'),
	('970708-7885','Ilene Kris','1985-04-22','F'),
	('090602-7898','Hillard Boehm V','1985-04-23','M'),
	('150419-7928','Ona Crona III','1985-04-24','M'),
	('141005-8066','Dr. Rhea Schaefer I','1985-04-25','M'),
	('820906-808J','Prof. Paula Schaden I','1985-04-26','F'),
	('041113-8113','Prof. Yessenia Dooley Jr.','1985-04-27','F'),
	('940214-8179','Glenna Collier II','1985-04-28','F'),
	('040113-8197','Santiago Hintz','1985-04-29','M'),
	('770504-8289','Andreanne Stamm','1985-04-30','F'),
	('860804-829D','Miss Hope Jones','1985-05-01','F'),
	('071001-8429','Dr. Macie Ondricka','1985-05-02','F'),
	('190709-8467','Zander Powlowski','1985-05-03','M'),
	('171125-8471','Lucie Walter PhD','1985-05-04','F'),
	('710113-8500','Dr. Geovanni Krajcik','1985-05-05','M'),
	('090518-869W','Spencer Kunde','1985-05-06','M'),
	('710325-877I','Nicolette Moen','1985-05-07','F'),
	('760108-8906','Miss Helen Boyer','1985-05-08','F'),
	('060925-8919','Prof. Garry Renner Sr.','1985-05-09','M'),
	('741222-8947','Devon Nicolas','1985-05-10','M'),
	('120407-897G','Torey Mills','1985-05-11','M'),
	('810616-9029','Dr. Hester Veum PhD','1985-05-12','M'),
	('980626-9033','Leonie Dibbert','1985-05-13','M'),
	('130704-908X','Baby Kunde','1985-05-14','M'),
	('070218-9109','Angelina White','1985-05-15','F'),
	('100825-914H','Astrid Willms','1985-05-16','F'),
	('151129-922D','Ned Ziemann','1985-05-17','F'),
	('841026-9331','Brad Lehner','1985-05-18','M'),
	('760823-949J','Helene Schiller I','1985-05-19','F'),
	('161215-9509','Roslyn Rempel DDS','1985-05-20','F'),
	('730126-956K','Kayden Farrell','1985-05-21','M'),
	('891214-962C','Clifton Boyle DDS','1985-05-22','M'),
	('881210-971J','Brain Greenholt','1985-05-23','M'),
	('110614-978B','Ms. Hanna Corkery','1985-05-24','F'),
	('830908-9826','Ana Ward','1985-05-25','F'),
	('080305-985A','Ricky Kuhn','1985-05-26','M'),
	('011119-9865','Ahmad Kovacek','1985-05-27','M');
	
INSERT INTO vaccine_patient VALUES
	('44226','Messukeskus','841229-112N'),
	('44226','Messukeskus','780214-1893'),
	('44226','Messukeskus','731122-126T'),
	('44226','Messukeskus','160930-586P'),
	('44226','Messukeskus','930106-189U'),
	('44226','Messukeskus','890104-753F'),
	('44226','Messukeskus','840805-1135'),
	('44226','Messukeskus','090202-1778'),
	('44226','Messukeskus','060927-1438'),
	('44226','Messukeskus','721030-5216'),
	('44226','Messukeskus','751211-287B'),
	('44226','Messukeskus','790608-9686'),
	('44226','Messukeskus','801108-303B'),
	('44226','Messukeskus','000127-4899'),
	('44226','Messukeskus','720801-8748'),
	('44226','Messukeskus','021001-957O'),
	('44226','Messukeskus','150601-1657'),
	('44241','Messukeskus','841229-112N'),
	('44241','Messukeskus','950303-191X'),
	('44241','Messukeskus','971214-2818'),
	('44241','Messukeskus','720621-378H'),
	('44241','Messukeskus','160930-586P'),
	('44241','Messukeskus','890104-753F'),
	('44241','Messukeskus','880810-358W'),
	('44241','Messukeskus','840805-1135'),
	('44241','Messukeskus','990614-395X'),
	('44241','Messukeskus','871118-242U'),
	('44241','Messukeskus','751211-287B'),
	('44241','Messukeskus','880706-240U'),
	('44241','Messukeskus','090707-295R'),
	('44226','Malmi','060325-323X'),
	('44226','Malmi','050218-4796'),
	('44226','Malmi','110929-252V'),
	('44226','Malmi','060729-292C'),
	('44226','Malmi','070101-326Q'),
	('44226','Malmi','880810-358W'),
	('44226','Malmi','720214-2797'),
	('44226','Malmi','970801-218B'),
	('44226','Malmi','070117-2839'),
	('44226','Malmi','741104-114G'),
	('44226','Malmi','901010-3010'),
	('44226','Malmi','701117-199K'),
	('44226','Malmi','041030-267L'),
	('44226','Malmi','790503-394M'),
	('44226','Malmi','850315-155F'),
	('44271','Tapiola Health Center','730218-253D'),
	('44271','Tapiola Health Center','140307-203V'),
	('44271','Tapiola Health Center','210318-737O'),
	('44271','Tapiola Health Center','871128-519R'),
	('44271','Tapiola Health Center','090416-443L'),
	('44271','Tapiola Health Center','060421-302M'),
	('44271','Tapiola Health Center','181012-5367'),
	('44271','Tapiola Health Center','090226-5673'),
	('44271','Tapiola Health Center','010327-525G'),
	('44271','Tapiola Health Center','031127-2165'),
	('44326','Tapiola Health Center','210318-737O'),
	('44326','Tapiola Health Center','130205-474D'),
	('44326','Tapiola Health Center','830820-576C'),
	('44326','Tapiola Health Center','871128-519R'),
	('44326','Tapiola Health Center','090416-443L'),
	('44326','Tapiola Health Center','060421-302M'),
	('44326','Tapiola Health Center','960629-4156'),
	('44326','Tapiola Health Center','930804-509I'),
	('44326','Tapiola Health Center','090226-5673'),
	('44326','Tapiola Health Center','010327-525G'),
	('44326','Tapiola Health Center','930508-413K'),
	('44326','Tapiola Health Center','990622-5231'),
	('44326','Tapiola Health Center','080514-3385'),
	('44330','Iso Omena Vaccination Point','041122-6308'),
	('44330','Iso Omena Vaccination Point','190604-440B'),
	('44330','Iso Omena Vaccination Point','011103-6045'),
	('44330','Iso Omena Vaccination Point','710724-5480'),
	('44330','Iso Omena Vaccination Point','041208-5838'),
	('44330','Iso Omena Vaccination Point','890607-6113'),
	('44330','Iso Omena Vaccination Point','010201-5814'),
	('44330','Iso Omena Vaccination Point','811005-5518'),
	('44330','Iso Omena Vaccination Point','120318-5791'),
	('44326','Sanomala Vaccination Point','701127-5340'),
	('44326','Sanomala Vaccination Point','881119-6103'),
	('44326','Sanomala Vaccination Point','180604-6419'),
	('44326','Sanomala Vaccination Point','160902-592P'),
	('44326','Sanomala Vaccination Point','850310-787I'),
	('44326','Sanomala Vaccination Point','190615-6325'),
	('44326','Sanomala Vaccination Point','821213-6162'),
	('44326','Sanomala Vaccination Point','000506-642P'),
	('44326','Myyrmäki Energia Areena','990903-6514'),
	('44326','Myyrmäki Energia Areena','110420-6983'),
	('44326','Myyrmäki Energia Areena','760708-708H'),
	('44326','Myyrmäki Energia Areena','930804-7021'),
	('44326','Myyrmäki Energia Areena','090602-7898'),
	('44326','Myyrmäki Energia Areena','000325-6271'),
	('44326','Myyrmäki Energia Areena','881006-6543'),
	('44326','Myyrmäki Energia Areena','960807-613R'),
	('44326','Myyrmäki Energia Areena','851228-732X'),
	('44326','Myyrmäki Energia Areena','060406-686D'),
	('44326','Myyrmäki Energia Areena','021130-649D'),
	('44326','Myyrmäki Energia Areena','041113-8113'),
	('44326','Myyrmäki Energia Areena','741222-8947'),
	('44326','Myyrmäki Energia Areena','090518-869W');
	
INSERT INTO sympstom VALUES
	('headache',0),
	('diarrhea',0),
	('joint pain',0),
	('muscle ache',0),
	('nausea',0),
	('fatigue',0),
	('chills',0),
	('fever',0),
	('high fever',0),
	('inflammation near injection',0),
	('itchiness near injection',0),
	('warmth near injection',0),
	('pain near injection',0),
	('feelings of illness',0),
	('lymfadenopathy',0),
	('vomiting',0),
	('anaphylaxia',1),
	('shortness of breath',1),
	('chest pain',1),
	('leg swelling',1),
	('prologned abdominal pain',1),
	('sereve or prolonged headache',1),
	('blurring of vision',1),
	('hematomas',1),
	('bluemarks or petechias (not near injection)',1);

INSERT INTO disgnosis VALUES
	('790503-394M','anaphylaxia','2021-01-30'),
	('000127-4899','blurring of vision','2021-02-01'),
	('090707-295R','chest pain','2021-02-15'),
	('810616-9029','chest pain','2021-04-30'),
	('701127-5340','chills','2021-04-10'),
	('130205-474D','chills','2021-05-11'),
	('210318-737O','diarrhea','2021-03-20'),
	('041122-6308','diarrhea','2021-05-15'),
	('041122-6308','diarrhea','2021-06-16'),
	('880706-240U','diarrhea','2021-02-16'),
	('730126-956K','diarrhea','2021-02-28'),
	('881210-971J','diarrhea','2021-03-13'),
	('060325-323X','fatigue','2021-02-01'),
	('060421-302M','fatigue','2021-05-11'),
	('130205-474D','feelings of illness','2021-05-11'),
	('851228-732X','feelings of illness','2021-05-12'),
	('010327-525G','feelings of illness','2021-05-11'),
	('930804-7021','feelings of illness','2021-05-12'),
	('760823-949J','feelings of illness','2021-03-07'),
	('161215-9509','feelings of illness','2021-04-11'),
	('950303-191X','fever','2021-02-15'),
	('840805-1135','fever','2021-02-15'),
	('060325-323X','fever','2021-02-01'),
	('140307-203V','fever','2021-03-17'),
	('990903-6514','fever','2021-05-12'),
	('110420-6983','fever','2021-05-12'),
	('000127-4899','fever','2021-02-01'),
	('741222-8947','fever','2021-03-14'),
	('980626-9033','fever','2021-05-01'),
	('841026-9331','fever','2021-04-17'),
	('841229-112N','headache','2021-02-16'),
	('731122-126T','headache','2021-02-02'),
	('930106-189U','headache','2021-02-01'),
	('060325-323X','headache','2021-02-02'),
	('730218-253D','headache','2021-03-16'),
	('090202-1778','headache','2021-02-02'),
	('751211-287B','headache','2021-02-15'),
	('850310-787I','headache','2021-05-12'),
	('110420-6983','headache','2021-05-13'),
	('850315-155F','headache','2021-02-02'),
	('070218-9109','headache','2021-04-14'),
	('100825-914H','headache','2021-03-03'),
	('080305-985A','headache','2021-01-31'),
	('751211-287B','high fever','2021-02-15'),
	('090226-5673','high fever','2021-05-12'),
	('971214-2818','inflammation near injection','2021-02-16'),
	('930106-189U','inflammation near injection','2021-02-01'),
	('090202-1778','itchiness near injection','2021-02-01'),
	('730218-253D','itchiness near injection','2021-03-16'),
	('701127-5340','itchiness near injection','2021-05-12'),
	('871128-519R','itchiness near injection','2021-03-17'),
	('841229-112N','joint pain','2021-02-10'),
	('950303-191X','joint pain','2021-02-16'),
	('840805-1135','joint pain','2021-02-01'),
	('090202-1778','joint pain','2021-02-02'),
	('090518-869W','joint pain','2021-05-11'),
	('000325-6271','joint pain','2021-05-13'),
	('821213-6162','joint pain','2021-05-12'),
	('060421-302M','joint pain','2021-03-18'),
	('850310-787I','joint pain','2021-05-12'),
	('110420-6983','joint pain','2021-05-13'),
	('851228-732X','joint pain','2021-05-11'),
	('850315-155F','joint pain','2021-02-02'),
	('891214-962C','joint pain','2021-04-20'),
	('011119-9865','joint pain','2021-05-05'),
	('041113-8113','lymfadenopathy','2021-05-13'),
	('990903-6514','lymfadenopathy','2021-05-12'),
	('780214-1893','muscle ache','2021-01-31'),
	('060421-302M','muscle ache','2021-05-11'),
	('090226-5673','muscle ache','2021-05-12'),
	('150601-1657','muscle ache','2021-02-01'),
	('851228-732X','muscle ache','2021-05-11'),
	('090707-295R','muscle ache','2021-02-15'),
	('010327-525G','muscle ache','2021-03-17'),
	('010327-525G','muscle ache','2021-05-11'),
	('010201-5814','muscle ache','2021-05-16'),
	('881006-6543','muscle ache','2021-05-12'),
	('790608-9686','muscle ache','2021-02-01'),
	('890104-753F','muscle ache','2021-02-15'),
	('060925-8919','muscle ache','2021-02-10'),
	('151129-922D','muscle ache','2021-05-23'),
	('110614-978B','muscle ache','2021-02-17'),
	('841229-112N','nausea','2021-02-10'),
	('730218-253D','nausea','2021-03-16'),
	('990903-6514','nausea','2021-05-14'),
	('130205-474D','nausea','2021-05-11'),
	('090226-5673','nausea','2021-03-18'),
	('150601-1657','nausea','2021-02-01'),
	('130704-908X','nausea','2021-01-01'),
	('060325-323X','pain near injection','2021-02-01'),
	('930804-509I','vomiting','2021-05-11'),
	('120407-897G','vomiting','2021-05-11'),
	('830908-9826','vomiting','2021-02-18'),
	('701127-5340','warmth near injection','2021-05-12'),
	('871128-519R','warmth near injection','2021-03-17'),
	('850310-787I','warmth near injection','2021-05-11');
